WARD,NEIGHBORHOOD
1,downtown
2,downtown
3,downtown
4,downtown
5,south
6,south
7,south
8,south
9,south
10,south
11,downtown
12,west
13,west
14,west
15,west
16,west
17,south
18,south
19,south
20,south
21,south
22,south
23,west
24,west
25,downtown
26,west
27,west
28,west
29,west
30,west
31,west
32,downtown
33,northwest
34,south
35,downtown
36,west
37,west
38,northwest
39,northwest
40,northwest
41,northwest
42,downtown
43,downtown
44,downtown
45,northwest
46,downtown
47,downtown
48,northwest
49,northwest
50,northwest
